<!--
 ! Licensed to the Apache Software Foundation (ASF) under one
 ! or more contributor license agreements.  See the NOTICE file
 ! distributed with this work for additional information
 ! regarding copyright ownership.  The ASF licenses this file
 ! to you under the Apache License, Version 2.0 (the
 ! "License"); you may not use this file except in compliance
 ! with the License.  You may obtain a copy of the License at
 !
 !   http://www.apache.org/licenses/LICENSE-2.0
 !
 ! Unless required by applicable law or agreed to in writing,
 ! software distributed under the License is distributed on an
 ! "AS IS" BASIS, WITHOUT WARRANTIES OR CONDITIONS OF ANY
 ! KIND, either express or implied.  See the License for the
 ! specific language governing permissions and limitations
 ! under the License.
 !-->
<externalLibrary xmlns="library">
  <language>JAVA</language>
  <libraryFunctions>
    <libraryFunction>
      <name>fnameDetector</name>
      <function_type>SCALAR</function_type>
      <argument_type>InputRecordType</argument_type>
      <return_type>DetectResultType</return_type>
      <definition>org.apache.asterix.external.library.KeywordsDetectorFactory</definition>
      <parameters>KeywordsDetector.txt</parameters>
      <parameters>fname</parameters>
    </libraryFunction>
    <libraryFunction>
      <name>lnameDetector</name>
      <function_type>SCALAR</function_type>
      <argument_type>InputRecordType</argument_type>
      <return_type>DetectResultType</return_type>
      <definition>org.apache.asterix.external.library.KeywordsDetectorFactory</definition>
      <parameters>KeywordsDetector.txt</parameters>
      <parameters>lname</parameters>
    </libraryFunction>
    <libraryFunction>
      <name>wordDetector</name>
      <function_type>SCALAR</function_type>
      <argument_type>ASTRING</argument_type>
      <return_type>ABOOLEAN</return_type>
      <definition>org.apache.asterix.external.library.WordInListFactory</definition>
      <parameters>KeywordsDetector.txt</parameters>
    </libraryFunction>
    <libraryFunction>
      <function_type>SCALAR</function_type>
      <name>mysum</name>
      <argument_type>AINT32,AINT32</argument_type>
      <return_type>AINT32</return_type>
      <definition>org.apache.asterix.external.library.SumFactory
      </definition>
    </libraryFunction>
	 <libraryFunction>
      <function_type>SCALAR</function_type>
      <name>mysum2</name>
      <argument_type>AINT32</argument_type>
      <return_type>ASTRING</return_type>
      <definition>org.apache.asterix.external.library.SumFactory2
      </definition>
    </libraryFunction>
    <libraryFunction>
      <function_type>SCALAR</function_type>
      <name>KafkaProducer</name>
      <argument_type>AINT32</argument_type>
      <return_type>ASTRING</return_type>
      <definition>org.apache.asterix.external.library.KafkaProducerUDFFactory
      </definition>
    </libraryFunction>
    <libraryFunction>
      <function_type>SCALAR</function_type>
      <name>KafkaConsumer</name>
      <argument_type>AINT32</argument_type>
      <return_type>ASTRING</return_type>
      <definition>org.apache.asterix.external.library.KafkaConsumerUDFFactory
      </definition>
    </libraryFunction>
 
    <libraryFunction>
      <function_type>SCALAR</function_type>
      <name>getSentiment</name>
      <argument_type>Tweet</argument_type>
      <return_type>AnnotatedTweet</return_type>
      <definition>org.apache.asterix.external.library.SentimentFactory
      </definition>
    </libraryFunction>
    <libraryFunction>
      <function_type>SCALAR</function_type>
      <name>encrypt</name>
      <argument_type>ASTRING</argument_type>
      <return_type>ASTRING</return_type>
      <definition>org.apache.asterix.external.library.EncryptFactory
      </definition>
    </libraryFunction>
  </libraryFunctions>
</externalLibrary>
